Week,Phase,Task,Deliverable,Owner,Hours_Estimated,Dependencies
1,Foundation,Project setup & environment configuration,Dev environment,Both,8,None
1,Foundation,Select 2-3 DIC projects for API conversion,Project selection report,Both,6,Project setup
1,Foundation,Create API specification documents,API specs,Raghav,10,Project selection
1,Foundation,Set up development environment,Setup complete,Priyanshu,6,Project setup
2,Foundation,Design API endpoints for Project 1,Project 1 design,Raghav,12,API specs
2,Foundation,Implement basic FastAPI structure,FastAPI framework,Priyanshu,15,Project 1 design
2,Foundation,Set up database connections,Database layer,Both,10,FastAPI framework
2,Foundation,Create authentication framework,Auth system,Raghav,8,FastAPI framework
3,Development,Develop APIs for Project 1,Project 1 APIs,Both,20,All Week 2 tasks
3,Development,Implement error handling & validation,Error handling,Priyanshu,12,Project 1 APIs
3,Development,Create unit tests for Project 1,Test suite,Raghav,8,Project 1 APIs
3,Development,Begin API development for Project 2,Project 2 APIs (partial),Both,15,Project 1 complete
4,Development,Complete Project 2 APIs,Project 2 APIs,Priyanshu,15,Project 2 APIs partial
4,Development,Develop APIs for Project 3,Project 3 APIs,Both,20,Project 2 complete
4,Development,Integrate all APIs with unified gateway,API Gateway,Raghav,12,All APIs complete
4,Development,Generate Swagger documentation,Documentation,Priyanshu,10,API Gateway
5,Deployment,Containerize applications with Docker,Docker containers,Both,10,All development complete
5,Deployment,Set up CI/CD pipeline,CI/CD pipeline,Raghav,8,Docker containers
5,Deployment,Deploy to staging environment,Staging deployment,Priyanshu,6,CI/CD pipeline
5,Deployment,Configure production hosting,Production setup,Both,8,Staging deployment
6,Testing & Launch,Performance testing & optimization,Performance report,Both,12,Production setup
6,Testing & Launch,Security testing & validation,Security audit,Raghav,8,Performance testing
6,Testing & Launch,Deploy to production,Live production APIs,Priyanshu,4,Security testing
6,Testing & Launch,Create user documentation & launch,Final documentation,Both,6,Production deployment
